{
    "TransportData": [
    ],
    "NpcsTimers": [
    ],
    "FactionData": [
        {
            "Points": 2000,
            "Faction": 0
        }
    ],
    "BankData": [
    ],
    "ItemGiversList": [
    ],
    "QuestData": {
        "CompletedQuests": [
            {
                "Quest": 1,
                "Date": 1839951L
            },
            {
                "Quest": 2,
                "Date": 1843431L
            }
        ],
        "ActiveQuests": [
        ]
    },
    "PlayerCompanionId": 0,
    "DialogData": [
    ],
    "ItemGiverChained": [
    ],
    "MailData": [
    ],
    "PlayerName": "AlexHat",
    "UUID": "cd171be6-6238-4a6c-9de9-b3f9115b21da",
    "ScriptStoreddata": {
    }
}
