{
    "ScriptEnabled": 1b,
    "ScriptConsole": [
    ],
    "Scripts": [
        {
            "Script": "function tick(event){
	var player = event.player
	var world = event.player.getWorld()
	var dialogControl = world.getStoreddata().get('dialogControl')
	if((player.inWater() || player.getY < 31.0) && dialogControl == 'Roalvi'){
		player.setPosition(-569.5, 31, -495.5)
	}
}",
            "Console": [
            ],
            "ScriptList": [
            ]
        }
    ],
    "ScriptLanguage": "ECMAScript"
}
