{"stat.chestOpened":38,"stat.pickup.minecraft.sign":4,"stat.leaveGame":21,"stat.pickup.cocricotmod.door_2panel_white":1,"stat.pickup.cocricotmod.stone_bushrock_whitejoint":1,"stat.jump":5088,"stat.swimOneCm":73927,"stat.climbOneCm":15469,"stat.fallOneCm":541,"stat.drop.minecraft.stone":1,"stat.crouchOneCm":185392,"stat.pickup.minecraft.painting":2,"stat.drop.cocricotmod.stone_bushrock_whitejoint":2,"stat.craftingTableInteraction":5,"stat.drop.cocricotmod.candleholder_antique_white":2,"stat.pickup.minecraft.jungle_door":1,"stat.damageTaken":10,"stat.drop.minecraft.stone_button":1,"stat.pickup.minecraft.planks":1,"stat.useItem.customnpcs.npcwand":16,"stat.flyOneCm":6644651,"stat.pickup.minecraft.bed":1,"stat.pickup.minecraft.fish":1,"stat.sleepInBed":15,"stat.timeSinceDeath":1246356,"stat.useItem.minecraft.air":812,"stat.useItem.minecraft.command_block":6,"stat.walkOneCm":1148276,"stat.trappedChestTriggered":6,"stat.pickup.minecraft.wooden_axe":1,"stat.pickup.minecraft.carpet":1,"stat.pickup.cocricotmod.candleholder_antique_white":1,"stat.pickup.variedcommodities.coin_bronze":1,"stat.drop.minecraft.sign":2,"stat.sprintOneCm":1163910,"stat.pickup.minecraft.jungle_fence_gate":1,"stat.useItem.customnpcs.npcmovingpath":4,"stat.drop.minecraft.potion":1,"stat.pickup.minecraft.grass":1,"stat.pickup.cocricotmod.stone_plane_sand":1,"stat.drop":14,"stat.playOneMinute":1277805,"stat.pickup.minecraft.stone_button":4,"stat.pickup.minecraft.birch_door":4,"stat.pickup.minecraft.clock":1,"stat.sneakTime":54915,"stat.drop.minecraft.quartz_block":1,"stat.drop.minecraft.grass":2,"stat.fishCaught":1,"stat.drop.minecraft.wooden_axe":2,"stat.diveOneCm":269612,"stat.useItem.minecraft.fishing_rod":1}