{"stat.chestOpened":9,"stat.flowerPotted":5,"stat.useItem.minecraft.air":3461,"stat.walkOneCm":808109,"stat.trappedChestTriggered":39,"stat.useItem.minecraft.painting":15,"stat.leaveGame":14,"stat.pickup.minecraft.wooden_pressure_plate":1,"stat.furnaceInteraction":1,"stat.pickup.minecraft.wooden_button":1,"stat.useItem.minecraft.potion":14,"stat.jump":1345,"stat.swimOneCm":129019,"stat.climbOneCm":20471,"stat.fallOneCm":1976,"stat.useItem.minecraft.item_frame":3,"stat.pickup.minecraft.cooked_porkchop":64,"stat.pickup.minecraft.web":89,"stat.crouchOneCm":25401,"stat.pickup.minecraft.rail":2,"stat.pickup.minecraft.sapling":2,"stat.pickup.minecraft.painting":2,"stat.sprintOneCm":83667,"stat.useItem.minecraft.stone_slab2":3431,"stat.useItem.minecraft.water_bucket":176,"stat.craftingTableInteraction":8,"stat.useItem.minecraft.birch_door":2,"stat.useItem.minecraft.stone_slab":1,"stat.damageTaken":20,"stat.pickup.cocricotmod.fence_ranchrail_black":1,"stat.useItem.minecraft.wooden_shovel":308,"stat.pickup.minecraft.dye":1,"stat.flyOneCm":5721921,"stat.drop":2,"stat.playOneMinute":847735,"stat.pickup.minecraft.birch_door":6,"stat.pickup.minecraft.stone_button":1,"stat.drop.minecraft.sand":1,"stat.pickup.minecraft.red_flower":1,"stat.sneakTime":35194,"stat.pickup.minecraft.item_frame":1,"stat.sleepInBed":1,"stat.timeSinceDeath":847735,"stat.useItem.minecraft.wooden_axe":4397,"stat.pickup.minecraft.stone_slab":1,"stat.diveOneCm":505963,"stat.drop.minecraft.wooden_axe":1}