{"stat.chestOpened":8,"stat.useItem.minecraft.painting":45,"stat.pickup.minecraft.sign":2,"stat.useItem.cocricotmod.pendantlight_scandinavian":2,"stat.leaveGame":8,"stat.pickup.cocricotmod.roof_claytile_blue_rod":1,"stat.pickup.cocricotmod.pendantlight_scandinavian":1,"stat.pickup.minecraft.stained_glass_pane":1,"stat.pickup.cocricotmod.door_2panel_white":3,"stat.pickup.cocricotmod.stone_bushrock_whitejoint":1,"stat.pickup.cocricotmod.walldecor_paper_botanical":1,"stat.jump":578,"stat.swimOneCm":4033,"stat.useItem.minecraft.sand":4,"stat.useItem.cocricotmod.door_2panel_white":3,"stat.fallOneCm":1176,"stat.climbOneCm":1818,"stat.pickup.cocricotmod.basket_deep_darkbrown":1,"stat.crouchOneCm":9379,"stat.pickup.cocricotmod.climbing_rose_purple":1,"stat.useItem.minecraft.stone_button":2,"stat.pickup.minecraft.painting":3,"stat.drop.minecraft.stained_glass_pane":1,"stat.pickup.minecraft.sand":2,"stat.pickup.minecraft.jungle_door":1,"stat.damageTaken":70,"stat.pickup.cocricotmod.fence_ranchrail_black":1,"stat.pickup.minecraft.dye":1,"stat.drop.cocricotmod.stair_closedstringer_white":1,"stat.pickup.minecraft.planks":1,"stat.flyOneCm":1583915,"stat.pickup.minecraft.bed":1,"stat.pickup.minecraft.quartz_block":1,"stat.pickup.minecraft.fish":1,"stat.timeSinceDeath":329658,"stat.pickup.cocricotmod.mailbox_red_brown":1,"stat.flowerPotted":1,"stat.useItem.minecraft.air":2915,"stat.walkOneCm":601428,"stat.drop.cocricotmod.wood_6board_white":1,"stat.trappedChestTriggered":3,"stat.pickup.minecraft.wooden_axe":1,"stat.pickup.cocricotmod.stair_closedstringer_white":1,"stat.pickup.minecraft.trapdoor":1,"stat.drop.cocricotmod.brick_lightbrown_stairs":1,"stat.pickup.cocricotmod.candleholder_antique_white":1,"stat.pickup.minecraft.log":1,"stat.pickup.minecraft.compass":1,"stat.pickup.minecraft.stone":1,"stat.pickup.cocricotmod.stonebrick_vslab":1,"stat.pickup.cocricotmod.stucco_red_slab":1,"stat.pickup.minecraft.sandstone_stairs":1,"stat.pickup.minecraft.sapling":1,"stat.sprintOneCm":33702,"stat.pickup.minecraft.jungle_fence_gate":1,"stat.pickup.minecraft.acacia_door":1,"stat.pickup.minecraft.potion":1,"stat.pickup.minecraft.grass":1,"stat.pickup.cocricotmod.stone_plane_sand":1,"stat.pickup.cocricotmod.wood_6board_white":1,"stat.useItem.cocricotmod.chandelier_crystal":3,"stat.pickup.cocricotmod.lamppost_black":1,"stat.pickup.cocricotmod.stucco_pink_arch":1,"stat.drop":4,"stat.playOneMinute":329658,"stat.pickup.minecraft.stone_button":4,"stat.pickup.minecraft.birch_door":4,"stat.pickup.minecraft.torch":1,"stat.pickup.minecraft.clock":1,"stat.sneakTime":7305,"stat.pickup.minecraft.item_frame":1,"stat.fishCaught":1,"stat.diveOneCm":18007,"stat.useItem.minecraft.fishing_rod":1}