{
    "CompleterNpc": "Асокан",
    "NextQuestId": 2,
    "QuestLocation3": "",
    "RandomReward": 0b,
    "QuestLocation2": "",
    "QuestRepeat": 0,
    "QuestCompletion": 1,
    "Title": "Доберись до второго порта на другом острове",
    "Text": "Доберись до второго порта",
    "QuestFactionPoints": {
        "DecreaseFaction1Points": 0b,
        "OptionFaction2Points": 100,
        "OptionFactions1": -1,
        "OptionFactions2": -1,
        "OptionFaction1Points": 100,
        "DecreaseFaction2Points": 0b
    },
    "RewardExp": 0,
    "QuestCommand": "",
    "ModRev": 18,
    "Type": 3,
    "QuestMail": {
        "Sender": "",
        "BeenRead": 0b,
        "Message": {
        },
        "MailItems": [
        ],
        "MailQuest": -1,
        "TimePast": 1699519511926L,
        "Time": 0L,
        "Subject": ""
    },
    "Rewards": {
        "NpcMiscInv": [
        ]
    },
    "CompleteText": "Возьми лодку в сундуке и передай капитану. ",
    "NextQuestTitle": "Спаси капитана",
    "QuestLocation": "Второй порт"
}
